{"cameraMode":{"drawMode":0,"name":"Shaded","section":"Shading Mode"},"sceneLighting":true,"audioPlay":false,"sceneViewState":{"showFog":true,"showMaterialUpdate":false,"showSkybox":true,"showFlares":true,"showImageEffects":true,"showParticleSystems":true},"in2DMode":false,"pivot":{"x":-1.4792416095733643,"y":-1.5743913650512696,"z":7.934437274932861},"rotation":{"x":0.2985873222351074,"y":-0.024338174611330034,"z":0.007617204915732145,"w":0.9540548920631409},"size":8.399480819702149,"orthographic":false}